Name,Rarity,Slot,Outfit,Labels,Source,Style,Banner
Blooming Pact,5,Hair,Blossoming Stars,"Romance, Pastoral",Resonance from the Distant Sea,Fresh,Distant Sea
Evening Banquet,5,Hair,Blossoming Stars: Dreamfall,"Romance, Pastoral",Resonance from the Distant Sea,Fresh,Distant Sea
Firefly Brilliance,5,Hair,Blossoming Stars: Radiance,"Romance, Pastoral",Resonance from the Distant Sea,Fresh,Distant Sea
Silver Shimmer,5,Hair,Blossoming Stars: Starlight,"Romance, Pastoral",Resonance from the Distant Sea,Fresh,Distant Sea
Morning Sunlight,5,Hair,Fairytale Swan,Formal,Resonance from the Distant Sea,Sexy,Distant Sea
Moonlit Chords,5,Hair,Fairytale Swan: Dream,Formal,Resonance from the Distant Sea,Sexy,Distant Sea
Flame's Embers,5,Hair,Fairytale Swan: Mystfire,Formal,Resonance from the Distant Sea,Sexy,Distant Sea
Moonlit Glide,5,Hair,Fairytale Swan: Truth,Formal,Resonance from the Distant Sea,Sexy,Distant Sea
Fluttermist Isle,5,Hair,Flutter Storm,Romance,Resonance from the Distant Sea,Sexy,Butterfly Dream
Windborne Realm,5,Hair,Flutter Storm: Dream Chant,Romance,Resonance from the Distant Sea,Sexy,Butterfly Dream
Cursed Storm,5,Hair,Flutter Storm: Flame Song,Romance,Resonance from the Distant Sea,Sexy,Butterfly Dream
Etched by the Wind,5,Hair,Flutter Storm: Forest Song,Romance,Resonance from the Distant Sea,Sexy,Butterfly Dream
Starry Splendor,5,Dress,Blossoming Stars,"Romance, Pastoral",Resonance from the Distant Sea,Fresh,Distant Sea
Ethereal Dreamland,5,Dress,Blossoming Stars: Dreamfall,"Romance, Pastoral",Resonance from the Distant Sea,Fresh,Distant Sea
Eternal Radiance,5,Dress,Blossoming Stars: Radiance,"Romance, Pastoral",Resonance from the Distant Sea,Fresh,Distant Sea
Rustling Stars,5,Dress,Blossoming Stars: Starlight,"Romance, Pastoral",Resonance from the Distant Sea,Fresh,Distant Sea
Blooming Grace,5,Dress,Fairytale Swan,Formal,Resonance from the Distant Sea,Elegant,Distant Sea
Lake of Tears,5,Dress,Fairytale Swan: Dream,Formal,Resonance from the Distant Sea,Elegant,Distant Sea
Swan's Heartfire,5,Dress,Fairytale Swan: Mystfire,Formal,Resonance from the Distant Sea,Elegant,Distant Sea
Beyond the Stars,5,Dress,Fairytale Swan: Truth,Formal,Resonance from the Distant Sea,Elegant,Distant Sea
Fluttering Twist,5,Dress,Flutter Storm,Romance,Resonance from the Distant Sea,Sexy,Butterfly Dream
Winged Illusions,5,Dress,Flutter Storm: Dream Chant,Romance,Resonance from the Distant Sea,Sexy,Butterfly Dream
Embers of the Butterfly,5,Dress,Flutter Storm: Flame Song,Romance,Resonance from the Distant Sea,Sexy,Butterfly Dream
Silent Woodland,5,Dress,Flutter Storm: Forest Song,Romance,Resonance from the Distant Sea,Sexy,Butterfly Dream
Fluttering Wishes,5,Dress,,Royal,A classic clothing piece from Marques Boutique.,Elegant,
Raging Rockling,5,Top,,Playful,Treasure guarded by Esselings.,Cool,
Imminent Bloom,5,Socks,Blossoming Stars,Romance,Resonance from the Distant Sea,Fresh,Distant Sea
Long Dreaming,5,Socks,Blossoming Stars: Dreamfall,Romance,Resonance from the Distant Sea,Fresh,Distant Sea
Starry Tread,5,Socks,Blossoming Stars: Radiance,Romance,Resonance from the Distant Sea,Fresh,Distant Sea
Misty Silhouette,5,Socks,Blossoming Stars: Starlight,Romance,Resonance from the Distant Sea,Fresh,Distant Sea
Interwoven with Love,5,Socks,Fairytale Swan,Formal,Resonance from the Distant Sea,Elegant,Distant Sea
Shadow Pacing,5,Socks,Fairytale Swan: Dream,Formal,Resonance from the Distant Sea,Elegant,Distant Sea
Through the Flames,5,Socks,Fairytale Swan: Mystfire,Formal,Resonance from the Distant Sea,Elegant,Distant Sea
Plumes of Aurora,5,Socks,Fairytale Swan: Truth,Formal,Resonance from the Distant Sea,Elegant,Distant Sea
Windborne Memories,5,Socks,Flutter Storm,Romance,Resonance from the Distant Sea,Sexy,Butterfly Dream
Enduring Ballad,5,Socks,Flutter Storm: Dream Chant,Romance,Resonance from the Distant Sea,Sexy,Butterfly Dream
Land of Winds,5,Socks,Flutter Storm: Flame Song,Romance,Resonance from the Distant Sea,Sexy,Butterfly Dream
Dreamwalker's Forest,5,Socks,Flutter Storm: Forest Song,Romance,Resonance from the Distant Sea,Sexy,Butterfly Dream
Starry Pathway,5,Shoes,Blossoming Stars,"Romance, Pastoral",Resonance from the Distant Sea,Fresh,Distant Sea
Floating Shore,5,Shoes,Blossoming Stars: Dreamfall,"Romance, Pastoral",Resonance from the Distant Sea,Fresh,Distant Sea
Chasing Stars,5,Shoes,Blossoming Stars: Radiance,"Romance, Pastoral",Resonance from the Distant Sea,Fresh,Distant Sea
Floral Stardust,5,Shoes,Blossoming Stars: Starlight,"Romance, Pastoral",Resonance from the Distant Sea,Fresh,Distant Sea
Ripple Tracker,5,Shoes,Fairytale Swan,Formal,Resonance from the Distant Sea,Elegant,Distant Sea
Feathered Waltz,5,Shoes,Fairytale Swan: Dream,Formal,Resonance from the Distant Sea,Elegant,Distant Sea
Omen of Revival,5,Shoes,Fairytale Swan: Mystfire,Formal,Resonance from the Distant Sea,Elegant,Distant Sea
Voyage of Stars,5,Shoes,Fairytale Swan: Truth,Formal,Resonance from the Distant Sea,Elegant,Distant Sea
Offshore Breeze,5,Shoes,Flutter Storm,Romance,Resonance from the Distant Sea,Sexy,Butterfly Dream
Resting in the Rift,5,Shoes,Flutter Storm: Dream Chant,Romance,Resonance from the Distant Sea,Sexy,Butterfly Dream
Path of Sorrow,5,Shoes,Flutter Storm: Flame Song,Romance,Resonance from the Distant Sea,Sexy,Butterfly Dream
Echoes of the Wind,5,Shoes,Flutter Storm: Forest Song,Romance,Resonance from the Distant Sea,Sexy,Butterfly Dream
Pearly Bird,5,Shoes,,Fantasy,Treasure guarded by Esselings.,Sweet,
Starlit Dreams,5,Hair Accessory,Blossoming Stars,"Romance, Pastoral",Resonance from the Distant Sea,Fresh,Distant Sea
Mist Glow,5,Hair Accessory,Blossoming Stars: Dreamfall,"Romance, Pastoral",Resonance from the Distant Sea,Fresh,Distant Sea
Glistening Moment,5,Hair Accessory,Blossoming Stars: Radiance,"Romance, Pastoral",Resonance from the Distant Sea,Fresh,Distant Sea
Blooming Starfall,5,Hair Accessory,Blossoming Stars: Starlight,"Romance, Pastoral",Resonance from the Distant Sea,Fresh,Distant Sea
Bloom Together,5,Headwear,Blossoming Stars,"Romance, Pastoral",Resonance from the Distant Sea,Fresh,Distant Sea
Moon in Flowers,5,Headwear,Blossoming Stars: Dreamfall,"Romance, Pastoral",Resonance from the Distant Sea,Fresh,Distant Sea
White Branches,5,Headwear,Blossoming Stars: Radiance,"Romance, Pastoral",Resonance from the Distant Sea,Fresh,Distant Sea
Snow on Branches,5,Headwear,Blossoming Stars: Starlight,"Romance, Pastoral",Resonance from the Distant Sea,Fresh,Distant Sea
Fluttering Feathers,5,Headwear,Fairytale Swan,Formal,Resonance from the Distant Sea,Elegant,Distant Sea
Starry Night,5,Headwear,Fairytale Swan: Dream,Formal,Resonance from the Distant Sea,Elegant,Distant Sea
Forged in Flames,5,Headwear,Fairytale Swan: Mystfire,Formal,Resonance from the Distant Sea,Elegant,Distant Sea
Covenant of Swans,5,Headwear,Fairytale Swan: Truth,Formal,Resonance from the Distant Sea,Elegant,Distant Sea
Frigid Branches,5,Headwear,Flutter Storm,Romance,Resonance from the Distant Sea,Sexy,Butterfly Dream
Dreams of the Past,5,Headwear,Flutter Storm: Dream Chant,Romance,Resonance from the Distant Sea,Sexy,Butterfly Dream
Beneath the Ashes,5,Headwear,Flutter Storm: Flame Song,Romance,Resonance from the Distant Sea,Sexy,Butterfly Dream
Lonely Branches,5,Headwear,Flutter Storm: Forest Song,Romance,Resonance from the Distant Sea,Sexy,Butterfly Dream
Eternal Harmony,5,Headwear,,Formal,Proof of styling prowess.,Elegant,
Astral Petals,5,Earrings,Blossoming Stars,"Romance, Pastoral",Resonance from the Distant Sea,Fresh,Distant Sea
Forgotten Drift,5,Earrings,Blossoming Stars: Dreamfall,"Romance, Pastoral",Resonance from the Distant Sea,Fresh,Distant Sea
Golden Blossom,5,Earrings,Blossoming Stars: Radiance,"Romance, Pastoral",Resonance from the Distant Sea,Fresh,Distant Sea
Star Blossom,5,Earrings,Blossoming Stars: Starlight,"Romance, Pastoral",Resonance from the Distant Sea,Fresh,Distant Sea
Swaying Ode,5,Earrings,Fairytale Swan,Formal,Resonance from the Distant Sea,Elegant,Distant Sea
Feather's Whisper,5,Earrings,Fairytale Swan: Dream,Formal,Resonance from the Distant Sea,Elegant,Distant Sea
Nest of Dreams and Sleep,5,Earrings,Fairytale Swan: Mystfire,Formal,Resonance from the Distant Sea,Elegant,Distant Sea
Sigh of Ether,5,Earrings,Fairytale Swan: Truth,Formal,Resonance from the Distant Sea,Elegant,Distant Sea
Windhowl Tears,5,Earrings,Flutter Storm,Romance,Resonance from the Distant Sea,Sexy,Butterfly Dream
Butterfly's Dance,5,Earrings,Flutter Storm: Dream Chant,Romance,Resonance from the Distant Sea,Sexy,Butterfly Dream
Butterfly Elegy,5,Earrings,Flutter Storm: Flame Song,Romance,Resonance from the Distant Sea,Sexy,Butterfly Dream
Isolated Melody,5,Earrings,Flutter Storm: Forest Song,Romance,Resonance from the Distant Sea,Sexy,Butterfly Dream
Blossom Promenade,5,Neckwear,Blossoming Stars,"Romance, Pastoral",Resonance from the Distant Sea,Fresh,Distant Sea
Dreams Lost,5,Neckwear,Blossoming Stars: Dreamfall,"Romance, Pastoral",Resonance from the Distant Sea,Fresh,Distant Sea
Dawning Light,5,Neckwear,Blossoming Stars: Radiance,"Romance, Pastoral",Resonance from the Distant Sea,Fresh,Distant Sea
Milky Way Overflow,5,Neckwear,Blossoming Stars: Starlight,"Romance, Pastoral",Resonance from the Distant Sea,Fresh,Distant Sea
Silent Perch,5,Neckwear,Flutter Storm,Romance,Resonance from the Distant Sea,Sexy,Butterfly Dream
Dreams on Wings,5,Neckwear,Flutter Storm: Dream Chant,Romance,Resonance from the Distant Sea,Sexy,Butterfly Dream
Amid the Storm,5,Neckwear,Flutter Storm: Flame Song,Romance,Resonance from the Distant Sea,Sexy,Butterfly Dream
Shaded Green,5,Neckwear,Flutter Storm: Forest Song,Romance,Resonance from the Distant Sea,Sexy,Butterfly Dream
Distant Twinkle,5,Bracelet,Blossoming Stars,"Romance, Pastoral",Resonance from the Distant Sea,Fresh,Distant Sea
Starlight Submersion,5,Bracelet,Blossoming Stars: Dreamfall,"Romance, Pastoral",Resonance from the Distant Sea,Fresh,Distant Sea
Pure Wish,5,Bracelet,Blossoming Stars: Radiance,"Romance, Pastoral",Resonance from the Distant Sea,Fresh,Distant Sea
Cloud Cluster,5,Bracelet,Blossoming Stars: Starlight,"Romance, Pastoral",Resonance from the Distant Sea,Fresh,Distant Sea
Swan Sonata,5,Choker,Fairytale Swan,Formal,Resonance from the Distant Sea,Elegant,Distant Sea
Scattered Plume,5,Choker,Fairytale Swan: Dream,Formal,Resonance from the Distant Sea,Elegant,Distant Sea
Feathers of Passion,5,Choker,Fairytale Swan: Mystfire,Formal,Resonance from the Distant Sea,Elegant,Distant Sea
Tail of Comet,5,Choker,Fairytale Swan: Truth,Formal,Resonance from the Distant Sea,Elegant,Distant Sea
Sealing Cocoon,5,Choker,Flutter Storm,Romance,Resonance from the Distant Sea,Sexy,Butterfly Dream
Endless Gaze,5,Choker,Flutter Storm: Dream Chant,Romance,Resonance from the Distant Sea,Sexy,Butterfly Dream
Fated Chains,5,Choker,Flutter Storm: Flame Song,Romance,Resonance from the Distant Sea,Sexy,Butterfly Dream
Green Slumber,5,Choker,Flutter Storm: Forest Song,Romance,Resonance from the Distant Sea,Sexy,Butterfly Dream
Feathered Gleam,5,Gloves,Fairytale Swan,Formal,Resonance from the Distant Sea,Elegant,Distant Sea
Harmonic Wings,5,Gloves,Fairytale Swan: Dream,Formal,Resonance from the Distant Sea,Elegant,Distant Sea
Trial of Wings,5,Gloves,Fairytale Swan: Mystfire,Formal,Resonance from the Distant Sea,Elegant,Distant Sea
Glimmer of Hope,5,Gloves,Fairytale Swan: Truth,Formal,Resonance from the Distant Sea,Elegant,Distant Sea
Delicate Wings,5,Gloves,Flutter Storm,Romance,Resonance from the Distant Sea,Sexy,Butterfly Dream
Fluttering Butterfly,5,Gloves,Flutter Storm: Dream Chant,Romance,Resonance from the Distant Sea,Sexy,Butterfly Dream
Fervent Longing,5,Gloves,Flutter Storm: Flame Song,Romance,Resonance from the Distant Sea,Sexy,Butterfly Dream
Lingering Warmth,5,Gloves,Flutter Storm: Forest Song,Romance,Resonance from the Distant Sea,Sexy,Butterfly Dream
Wishful Honors,5,Chest Accessory,,Fashion,Proof of styling prowess.,Elegant,
Starry Guidance,5,Ring,Fairytale Swan,Formal,Resonance from the Distant Sea,Elegant,Distant Sea
Lingering Dreams,5,Ring,Fairytale Swan: Dream,Formal,Resonance from the Distant Sea,Elegant,Distant Sea
Burnt to Ashes,5,Ring,Fairytale Swan: Mystfire,Formal,Resonance from the Distant Sea,Elegant,Distant Sea
Path of Stars,5,Ring,Fairytale Swan: Truth,Formal,Resonance from the Distant Sea,Elegant,Distant Sea
Eternal Blossoms,5,Handheld,,Romance,Proof of styling prowess.,Elegant,
Dreamy Ripples,5,Base Makeup,,,Resonance from the Distant Sea,Elegant,Distant Sea
Mermaid's Glow,5,Base Makeup,,,Resonance from the Distant Sea,Elegant,Butterfly Dream
Spring Breeze,5,Base Makeup,,,Resonance from the Distant Sea,Elegant,Distant Sea
Nimbus Dreams,5,Eyebrows,,,Resonance from the Distant Sea,Elegant,Distant Sea
Snowy Branches,5,Eyebrows,,,Resonance from the Distant Sea,Elegant,Butterfly Dream
Warm Brown,5,Eyebrows,,,Resonance from the Distant Sea,Elegant,Distant Sea
Aromalily's Heart,5,Eyelashes,,,Resonance from the Distant Sea,Elegant,Butterfly Dream
Delicate Heartstrings,5,Eyelashes,,,Resonance from the Distant Sea,Elegant,Distant Sea
Feathery Sway,5,Eyelashes,,,Resonance from the Distant Sea,Elegant,Distant Sea
Crystal Gaze,5,Contact Lenses,,,Resonance from the Distant Sea,Elegant,Distant Sea
Dainty Yellow,5,Contact Lenses,,,Resonance from the Distant Sea,Elegant,Distant Sea
Snowy Sky,5,Contact Lenses,,,Resonance from the Distant Sea,Elegant,Butterfly Dream
Light Tangerine,5,Lips,,,Resonance from the Distant Sea,Elegant,Distant Sea
Mermaid Icebloom,5,Lips,,,Resonance from the Distant Sea,Elegant,Butterfly Dream
Rose in Blossom,5,Lips,,,Resonance from the Distant Sea,Elegant,Distant Sea
Air Bubbles,4,Hair,Bubbly Voyage,Summer,Insights of the Heart of Infinity.,Sweet,
Fresh Breeze,4,Hair,Bubbly Voyage: Spring,Summer,Insights of the Heart of Infinity.,Sweet,
Friendly Impression,4,Hair,Bye-Bye Dust,Playful,Insights of the Heart of Infinity.,Sweet,
Cat Paw,4,Hair,Bye-Bye Dust: Kitty,Playful,Insights of the Heart of Infinity.,Sweet,
Distant Memory,4,Hair,Floral Memory,Retro,Insights of the Heart of Infinity.,Fresh,
Distant Aroma,4,Hair,Floral Memory: Gleam,Retro,Insights of the Heart of Infinity.,Fresh,
Painting Blossoms,4,Hair,Flowing Colors,Playful,Resonance from the Distant Sea,Fresh,Butterfly Dream
Solo of the Stars,4,Hair,Flowing Colors: Dreamy,Playful,Resonance from the Distant Sea,Fresh,Butterfly Dream
Troubleshooter,4,Hair,Fully Charged,Uniform,Insights of the Heart of Infinity.,Cool,
Colorful Gradient,4,Hair,Fully Charged: Refreshing,Uniform,Insights of the Heart of Infinity.,Cool,
Windswept Wheat,4,Hair,Hometown Breeze,Pastoral,A gift from the Cadenceborn to those who offer the Dew of Inspiration.,Fresh,
Silvernight Whispers,4,Hair,Hometown Breeze: Hopeful,Pastoral,A gift from the Cadenceborn to those who offer the Dew of Inspiration.,Fresh,
Tomorrow's Vows,4,Hair,Rebirth Wish,Retro,A gift from the Cadenceborn to those who offer the Dew of Inspiration.,Sweet,
Vibrant Life,4,Hair,Rebirth Wish: Blooming,Retro,A gift from the Cadenceborn to those who offer the Dew of Inspiration.,Sweet,
Rippling Waves,4,Hair,Rippling Serenity,Simple,Insights of the Heart of Infinity.,Cool,
Entrance Invitation,4,Hair,Rippling Serenity: Dream,Simple,Insights of the Heart of Infinity.,Cool,
Mellifluous Melody,4,Hair,Sweet Jazz Nights,Cute,Resonance from the Distant Sea,Sweet,Distant Sea
Glittering Night,4,Hair,Sweet Jazz Nights: Waltz,Cute,Resonance from the Distant Sea,Sweet,Distant Sea
Spring Whispers,4,Hair,Wind of Purity,Romance,Insights of the Heart of Infinity.,Elegant,
Dancing Waves,4,Hair,,Playful,Resonance from the Distant Sea,Fresh,Distant Sea
Mature Short Hair,4,Hair,,Fashion,An unexpected surprise from the Surprise-O-Matic.,Sexy,
Whispering Bubbles,4,Dress,Bubbly Voyage,Summer,Insights of the Heart of Infinity.,Sweet,
Bubbly Aroma,4,Dress,Bubbly Voyage: Spring,Summer,Insights of the Heart of Infinity.,Sweet,
Sky Fall,4,Dress,Floral Memory,Retro,Insights of the Heart of Infinity.,Fresh,
Golden Memory,4,Dress,Floral Memory: Gleam,Retro,Insights of the Heart of Infinity.,Fresh,
Circuit Connection,4,Dress,Fully Charged,Uniform,Insights of the Heart of Infinity.,Cool,
Crackling Electricity,4,Dress,Fully Charged: Refreshing,Uniform,Insights of the Heart of Infinity.,Cool,
Song of Harvest,4,Dress,Hometown Breeze,Pastoral,A gift from the Cadenceborn to those who offer the Dew of Inspiration.,Fresh,
Wishful Flowers,4,Dress,Hometown Breeze: Hopeful,Pastoral,A gift from the Cadenceborn to those who offer the Dew of Inspiration.,Fresh,
Paper Crane's Flight,4,Dress,Rebirth Wish,Retro,A gift from the Cadenceborn to those who offer the Dew of Inspiration.,Elegant,
Silent Sea,4,Dress,Rebirth Wish: Blooming,Retro,A gift from the Cadenceborn to those who offer the Dew of Inspiration.,Elegant,
Chuckle Trainee,4,Dress,Sweet Jazz Nights,Cute,Resonance from the Distant Sea,Sweet,Distant Sea
Graceful Spin,4,Dress,Sweet Jazz Nights: Waltz,Cute,Resonance from the Distant Sea,Sweet,Distant Sea
Melodic Heart,4,Dress,Symphony of Strings,Romance,Insights of the Heart of Infinity.,Sweet,
Pure Melody,4,Dress,Wind of Purity,Romance,Insights of the Heart of Infinity.,Elegant,
Imaginative Painting,4,Outerwear,Flowing Colors,Playful,Resonance from the Distant Sea,Fresh,Butterfly Dream
Wandering Thoughts,4,Outerwear,Flowing Colors: Dreamy,Playful,Resonance from the Distant Sea,Fresh,Butterfly Dream
Through the Storm,4,Outerwear,Rebirth Wish,Retro,A gift from the Cadenceborn to those who offer the Dew of Inspiration.,Sweet,
Wish of All,4,Outerwear,Rebirth Wish: Blooming,Retro,A gift from the Cadenceborn to those who offer the Dew of Inspiration.,Sweet,
Puffy Sleeves,4,Outerwear,Rippling Serenity,Simple,Insights of the Heart of Infinity.,Cool,
Flow of the Night,4,Outerwear,Rippling Serenity: Dream,Simple,Insights of the Heart of Infinity.,Cool,
Siesta Tunes,4,Top,Afternoon Shine,Adventure,Insights of the Heart of Infinity.,Sweet,
Purity Guardian,4,Top,Bye-Bye Dust,Playful,Insights of the Heart of Infinity.,Sweet,
Monochrome Mood,4,Top,Bye-Bye Dust: Kitty,Playful,Insights of the Heart of Infinity.,Sweet,
Splashed Ink,4,Top,Flowing Colors,Playful,Resonance from the Distant Sea,Fresh,Butterfly Dream
Passing Seasons,4,Top,Flowing Colors: Dreamy,Playful,Resonance from the Distant Sea,Fresh,Butterfly Dream
Azure Waters,4,Top,Rippling Serenity,Simple,Insights of the Heart of Infinity.,Cool,
Joy of Fish,4,Top,Rippling Serenity: Dream,Simple,Insights of the Heart of Infinity.,Cool,
Pink Sailor,4,Top,Shark Mirage: Summer,Playful,Resonance from the Distant Sea,Cool,Distant Sea
Set Sail,4,Top,Tidal Shark Mirage,Playful,Resonance from the Distant Sea,Cool,Distant Sea
Ceremony Guest,4,Top,,Retro,Rare treasures scattered in chests found all around the world.,Elegant,
Crimson Snowstorm,4,Top,,Uniform,A piece of journey anecdote.,Cool,
Sunny Agenda,4,Bottom,Afternoon Shine,Adventure,Insights of the Heart of Infinity.,Sweet,
Stained Palette,4,Bottom,Flowing Colors,Playful,Resonance from the Distant Sea,Fresh,Butterfly Dream
Endless Tracking,4,Bottom,Flowing Colors: Dreamy,Playful,Resonance from the Distant Sea,Fresh,Butterfly Dream
Babbling Brook,4,Bottom,Rippling Serenity,Simple,Insights of the Heart of Infinity.,Cool,
Colorful Scales,4,Bottom,Rippling Serenity: Dream,Simple,Insights of the Heart of Infinity.,Cool,
Sweet Juice,4,Bottom,Shark Mirage: Summer,Playful,Resonance from the Distant Sea,Cool,Distant Sea
Riding the Breeze,4,Bottom,Tidal Shark Mirage,Playful,Resonance from the Distant Sea,Cool,Distant Sea
Refreshing Droplet,4,Bottom,,Playful,Insights of the Heart of Infinity.,Sweet,
Verdant Dance,4,Bottom,,Intellectual,An unexpected surprise from the Surprise-O-Matic.,Sexy,
Little Luck,4,Socks,Afternoon Shine,Adventure,Insights of the Heart of Infinity.,Sweet,
Transparent Trajectory,4,Socks,Bubbly Voyage,Summer,Insights of the Heart of Infinity.,Sweet,
Viridescent Hops,4,Socks,Bubbly Voyage: Spring,Summer,Insights of the Heart of Infinity.,Sweet,
Pawprint Love,4,Socks,Bye-Bye Dust,Playful,Insights of the Heart of Infinity.,Sweet,
Icebreaker Game,4,Socks,Bye-Bye Dust: Kitty,Playful,Insights of the Heart of Infinity.,Sweet,
Twilight Daydream,4,Socks,Floral Memory,Retro,Insights of the Heart of Infinity.,Elegant,
Wind-swayed Dreams,4,Socks,Floral Memory: Gleam,Retro,Insights of the Heart of Infinity.,Elegant,
New Colors,4,Socks,Flowing Colors,Playful,Resonance from the Distant Sea,Fresh,Butterfly Dream
Paint-soaked Album,4,Socks,Flowing Colors: Dreamy,Playful,Resonance from the Distant Sea,Fresh,Butterfly Dream
Volt Check,4,Socks,Fully Charged,Uniform,Insights of the Heart of Infinity.,Cool,
Power Restart,4,Socks,Fully Charged: Refreshing,Uniform,Insights of the Heart of Infinity.,Cool,
Breezy Cotton,4,Socks,Hometown Breeze,Pastoral,A gift from the Cadenceborn to those who offer the Dew of Inspiration.,Fresh,
Soft Cotton,4,Socks,Hometown Breeze: Hopeful,Pastoral,A gift from the Cadenceborn to those who offer the Dew of Inspiration.,Fresh,
Blooming Path,4,Socks,Rebirth Wish,Retro,A gift from the Cadenceborn to those who offer the Dew of Inspiration.,Sweet,
Fragrant Realm,4,Socks,Rebirth Wish: Blooming,Retro,A gift from the Cadenceborn to those who offer the Dew of Inspiration.,Sweet,
Fruity Bubble,4,Socks,Shark Mirage: Summer,Playful,Resonance from the Distant Sea,Cool,Distant Sea
Soft Bibcoon Socks,4,Socks,Sweet Jazz Nights,Cute,Resonance from the Distant Sea,Sweet,Distant Sea
Cotton Candy,4,Socks,Sweet Jazz Nights: Waltz,Cute,Resonance from the Distant Sea,Sweet,Distant Sea
Rhythmic Pulse,4,Socks,Symphony of Strings,Romance,Insights of the Heart of Infinity.,Sweet,
Shallow Reflections,4,Socks,Tidal Shark Mirage,Playful,Resonance from the Distant Sea,Cool,Distant Sea
Dot-Grip Sentiments,4,Socks,,,One of the initial items acquired upon arrival in Miraland.,Sexy,
Sunflower Long Socks,4,Socks,,Warm,An unexpected surprise from the Surprise-O-Matic.,Sweet,
Springtime Steps,4,Shoes,Afternoon Shine,Adventure,Insights of the Heart of Infinity.,Sweet,
Graceful Takeoff,4,Shoes,Bubbly Voyage,Summer,Insights of the Heart of Infinity.,Sweet,
Springing Up,4,Shoes,Bubbly Voyage: Spring,Summer,Insights of the Heart of Infinity.,Sweet,
Droplet Ballet,4,Shoes,Bye-Bye Dust,Playful,Insights of the Heart of Infinity.,Sweet,
Grooming Expert,4,Shoes,Bye-Bye Dust: Kitty,Playful,Insights of the Heart of Infinity.,Sweet,
Trace of the Pen,4,Shoes,Flowing Colors,Playful,Resonance from the Distant Sea,Fresh,Butterfly Dream
Time Stands Still,4,Shoes,Flowing Colors: Dreamy,Playful,Resonance from the Distant Sea,Fresh,Butterfly Dream
Insulated Marks,4,Shoes,Fully Charged,Uniform,Insights of the Heart of Infinity.,Cool,
Emergency Deployment,4,Shoes,Fully Charged: Refreshing,Uniform,Insights of the Heart of Infinity.,Cool,
Homeland's Nostalgia,4,Shoes,Hometown Breeze,Pastoral,A gift from the Cadenceborn to those who offer the Dew of Inspiration.,Fresh,
Flower Fields,4,Shoes,Hometown Breeze: Hopeful,Pastoral,A gift from the Cadenceborn to those who offer the Dew of Inspiration.,Fresh,
Bright Tomorrow,4,Shoes,Rebirth Wish,Retro,A gift from the Cadenceborn to those who offer the Dew of Inspiration.,Sweet,
Safe Passage,4,Shoes,Rebirth Wish: Blooming,Retro,A gift from the Cadenceborn to those who offer the Dew of Inspiration.,Sweet,
Dripping Droplets,4,Shoes,Rippling Serenity,Simple,Insights of the Heart of Infinity.,Cool,
Ripple Effect,4,Shoes,Rippling Serenity: Dream,Simple,Insights of the Heart of Infinity.,Cool,
Seaside Siesta,4,Shoes,Shark Mirage: Summer,Playful,Resonance from the Distant Sea,Cool,Distant Sea
Unending Dance,4,Shoes,Sweet Jazz Nights,Cute,Resonance from the Distant Sea,Sweet,Distant Sea
Graceful Steps,4,Shoes,Sweet Jazz Nights: Waltz,Cute,Resonance from the Distant Sea,Sweet,Distant Sea
Lightseeking Concerto,4,Shoes,Symphony of Strings,Romance,Insights of the Heart of Infinity.,Sweet,
Gentle Ripples,4,Shoes,Tidal Shark Mirage,Playful,Resonance from the Distant Sea,Cool,Distant Sea
Airborne Steps,4,Shoes,Wind of Purity,Romance,Insights of the Heart of Infinity.,Elegant,
Blooming Cycles,4,Shoes,,Retro,Insights of the Heart of Infinity.,Fresh,
White Clouds,4,Shoes,,Simple,A classic clothing piece from Marques Boutique.,Cool,
Nostalgic Breeze,4,Hair Accessory,Afternoon Shine,Adventure,Insights of the Heart of Infinity.,Sweet,
Twinkling Refractions,4,Hair Accessory,Bubbly Voyage,Summer,Insights of the Heart of Infinity.,Sweet,
Thoughts of Spring,4,Hair Accessory,Bubbly Voyage: Spring,Summer,Insights of the Heart of Infinity.,Sweet,
Wind's Caress,4,Hair Accessory,Floral Memory,Retro,Insights of the Heart of Infinity.,Fresh,
Light Spirals,4,Hair Accessory,Floral Memory: Gleam,Retro,Insights of the Heart of Infinity.,Fresh,
Hopeful Knot,4,Hair Accessory,Hometown Breeze,Pastoral,A gift from the Cadenceborn to those who offer the Dew of Inspiration.,Fresh,
Blossoming Posture,4,Hair Accessory,Hometown Breeze: Hopeful,Pastoral,A gift from the Cadenceborn to those who offer the Dew of Inspiration.,Fresh,
A New Dawn,4,Hair Accessory,Rebirth Wish,Retro,A gift from the Cadenceborn to those who offer the Dew of Inspiration.,Sweet,
Sea of Dreams,4,Hair Accessory,Rebirth Wish: Blooming,Retro,A gift from the Cadenceborn to those who offer the Dew of Inspiration.,Sweet,
Starsail Jelly,4,Hair Accessory,Shark Mirage: Summer,Playful,Resonance from the Distant Sea,Cool,Distant Sea
Intermission,4,Hair Accessory,Sweet Jazz Nights,Cute,Resonance from the Distant Sea,Sweet,Distant Sea
Sweet Nectar,4,Hair Accessory,Sweet Jazz Nights: Waltz,Cute,Resonance from the Distant Sea,Sweet,Distant Sea
Guiding Star,4,Hair Accessory,Tidal Shark Mirage,Playful,Resonance from the Distant Sea,Cool,Distant Sea
Blossom Verses,4,Hair Accessory,Wind of Purity,Romance,Insights of the Heart of Infinity.,Elegant,
Gala Crystal,4,Hair Accessory,,Royal,Rare treasures scattered in chests found all around the world.,Elegant,
Sparkling Reverie,4,Headwear,Bubbly Voyage,Summer,Insights of the Heart of Infinity.,Sweet,
Rhymes Echo,4,Headwear,Bubbly Voyage: Spring,Summer,Insights of the Heart of Infinity.,Sweet,
Azure Ripples,4,Headwear,Bye-Bye Dust,Playful,Insights of the Heart of Infinity.,Sweet,
Leisurely Moments,4,Headwear,Bye-Bye Dust: Kitty,Playful,Insights of the Heart of Infinity.,Sweet,
Blank Beginnings,4,Headwear,Flowing Colors,Playful,Resonance from the Distant Sea,Fresh,Butterfly Dream
Starry Dream,4,Headwear,Flowing Colors: Dreamy,Playful,Resonance from the Distant Sea,Fresh,Butterfly Dream
Harvest's Blessing,4,Headwear,Hometown Breeze,Pastoral,A gift from the Cadenceborn to those who offer the Dew of Inspiration.,Fresh,
Floral Tribute,4,Headwear,Hometown Breeze: Hopeful,Pastoral,A gift from the Cadenceborn to those who offer the Dew of Inspiration.,Fresh,
Cradle of Wish,4,Headwear,Rebirth Wish,Retro,A gift from the Cadenceborn to those who offer the Dew of Inspiration.,Sweet,
Subtle Fragrance,4,Headwear,Rebirth Wish: Blooming,Retro,A gift from the Cadenceborn to those who offer the Dew of Inspiration.,Sweet,
Cheerful Fisher,4,Headwear,Rippling Serenity,Simple,Insights of the Heart of Infinity.,Cool,
Immersed in Fantasy,4,Headwear,Rippling Serenity: Dream,Simple,Insights of the Heart of Infinity.,Cool,
Cooling Breeze,4,Headwear,Shark Mirage: Summer,Playful,Resonance from the Distant Sea,Cool,Distant Sea
Sleepless Night,4,Headwear,Sweet Jazz Nights,Cute,Resonance from the Distant Sea,Sweet,Distant Sea
Vibrant Note,4,Headwear,Sweet Jazz Nights: Waltz,Cute,Resonance from the Distant Sea,Sweet,Distant Sea
Night's Conductor,4,Headwear,Symphony of Strings,Romance,Insights of the Heart of Infinity.,Sweet,
Drifting Sharkfin,4,Headwear,Tidal Shark Mirage,Playful,Resonance from the Distant Sea,Cool,Distant Sea
Crowning Spring,4,Headwear,Wind of Purity,Romance,Insights of the Heart of Infinity.,Elegant,
Twilight's Veil,4,Earrings,Floral Memory,Retro,Insights of the Heart of Infinity.,Fresh,
Flower Memory,4,Earrings,Floral Memory: Gleam,Retro,Insights of the Heart of Infinity.,Fresh,
Painted Scenery,4,Earrings,Flowing Colors,Playful,Resonance from the Distant Sea,Fresh,Butterfly Dream
Painting the Past,4,Earrings,Flowing Colors: Dreamy,Playful,Resonance from the Distant Sea,Fresh,Butterfly Dream
Emergency Response,4,Earrings,Fully Charged,Uniform,Insights of the Heart of Infinity.,Cool,
Maximum Power,4,Earrings,Fully Charged: Refreshing,Uniform,Insights of the Heart of Infinity.,Cool,
Wishbird Return,4,Earrings,Hometown Breeze,Pastoral,A gift from the Cadenceborn to those who offer the Dew of Inspiration.,Fresh,
Moonlit Branch,4,Earrings,Hometown Breeze: Hopeful,Pastoral,A gift from the Cadenceborn to those who offer the Dew of Inspiration.,Fresh,
Weaving Spring,4,Earrings,Rebirth Wish,Retro,A gift from the Cadenceborn to those who offer the Dew of Inspiration.,Sweet,
First Light of Dawn,4,Earrings,Rebirth Wish: Blooming,Retro,A gift from the Cadenceborn to those who offer the Dew of Inspiration.,Sweet,
Tiny Bites,4,Earrings,Rippling Serenity,Simple,Insights of the Heart of Infinity.,Cool,
Scaled Password,4,Earrings,Rippling Serenity: Dream,Simple,Insights of the Heart of Infinity.,Cool,
Bibcoon Pompoms,4,Earrings,Sweet Jazz Nights,Cute,Resonance from the Distant Sea,Sweet,Distant Sea
Fluffy Puff,4,Earrings,Sweet Jazz Nights: Waltz,Cute,Resonance from the Distant Sea,Sweet,Distant Sea
Trailing Melody,4,Earrings,Symphony of Strings,Romance,Insights of the Heart of Infinity.,Sweet,
Resurrected Shine,4,Earrings,Wind of Purity,Romance,Insights of the Heart of Infinity.,Elegant,
Gleaming Wilderness,4,Earrings,,Romance,World travel mementos.,Fresh,
Wish Bottle Earrings,4,Earrings,,Fantasy,A unique creation made by an independent designer.,Elegant,
Gentle Touch,4,Bracelet,Bubbly Voyage,Summer,Insights of the Heart of Infinity.,Sweet,
Dewy Bubbles,4,Bracelet,Bubbly Voyage: Spring,Summer,Insights of the Heart of Infinity.,Sweet,
Languid Windmill,4,Bracelet,Hometown Breeze,Pastoral,A gift from the Cadenceborn to those who offer the Dew of Inspiration.,Fresh,
Breeze Melody,4,Bracelet,Hometown Breeze: Hopeful,Pastoral,A gift from the Cadenceborn to those who offer the Dew of Inspiration.,Fresh,
Unfulfilled Wish,4,Bracelet,Sweet Jazz Nights,Cute,Resonance from the Distant Sea,Sweet,Distant Sea
Bibcoon's Masterpiece,4,Bracelet,Sweet Jazz Nights: Waltz,Cute,Resonance from the Distant Sea,Sweet,Distant Sea
Flowing Ripple,4,Choker,Bubbly Voyage,Summer,Insights of the Heart of Infinity.,Sweet,
Emerald Flow,4,Choker,Bubbly Voyage: Spring,Summer,Insights of the Heart of Infinity.,Sweet,
Past Fragrance,4,Choker,Floral Memory,Retro,Insights of the Heart of Infinity.,Fresh,
Hidden in Flowers,4,Choker,Floral Memory: Gleam,Retro,Insights of the Heart of Infinity.,Fresh,
Cool Touch,4,Gloves,Bye-Bye Dust,Playful,Insights of the Heart of Infinity.,Sweet,
Purring Messenger,4,Gloves,Bye-Bye Dust: Kitty,Playful,Insights of the Heart of Infinity.,Sweet,
Lingering Memory,4,Gloves,Floral Memory,Retro,Insights of the Heart of Infinity.,Fresh,
Remembrance of Flowers,4,Gloves,Floral Memory: Gleam,Retro,Insights of the Heart of Infinity.,Fresh,
Precise Maneuver,4,Gloves,Fully Charged,Uniform,Insights of the Heart of Infinity.,Cool,
Smooth Current,4,Gloves,Fully Charged: Refreshing,Uniform,Insights of the Heart of Infinity.,Cool,
Splashy Gloves,4,Gloves,Rippling Serenity,Simple,Insights of the Heart of Infinity.,Cool,
Shadow of the Stars,4,Gloves,Rippling Serenity: Dream,Simple,Insights of the Heart of Infinity.,Cool,
Shallow Sea Swim,4,Gloves,Shark Mirage: Summer,Playful,Resonance from the Distant Sea,Cool,Distant Sea
Midnight Nocturne,4,Gloves,Symphony of Strings,Romance,Insights of the Heart of Infinity.,Sweet,
Deep Sea Adventure,4,Gloves,Tidal Shark Mirage,Playful,Resonance from the Distant Sea,Cool,Distant Sea
Monsoon Messenger,4,Gloves,Wind of Purity,Romance,Insights of the Heart of Infinity.,Elegant,
Fingerless Gloves,4,Gloves,,Adventure,Rare treasures scattered in chests found all around the world.,Cool,
Twin Moons,4,Gloves,,Uniform,A classic clothing piece from Marques Boutique.,Cool,
Risk Prevention,4,Face Decoration,Fully Charged,Uniform,Insights of the Heart of Infinity.,Cool,
Sweet Guardian,4,Face Decoration,Fully Charged: Refreshing,Uniform,Insights of the Heart of Infinity.,Cool,
Glimpse of Sunset,4,Face Decoration,,Trendy,A classic clothing piece from Marques Boutique.,Cool,
Field Posy,4,Chest Accessory,Afternoon Shine,Adventure,Insights of the Heart of Infinity.,Sweet,
Power Supply,4,Chest Accessory,Fully Charged,Uniform,Insights of the Heart of Infinity.,Cool,
Best Partner,4,Chest Accessory,Fully Charged: Refreshing,Uniform,Insights of the Heart of Infinity.,Cool,
Summer Voyage,4,Pendant,Shark Mirage: Summer,Playful,Resonance from the Distant Sea,Cool,Distant Sea
Whispering Breeze,4,Pendant,Tidal Shark Mirage,Playful,Resonance from the Distant Sea,Cool,Distant Sea
Windswept Plume,4,Pendant,Wind of Purity,Romance,Insights of the Heart of Infinity.,Elegant,
Golden Daylight,4,Backpiece,Afternoon Shine,Adventure,Insights of the Heart of Infinity.,Sweet,
Floral Dreamscape,4,Backpiece,Flowing Colors,Playful,Resonance from the Distant Sea,Fresh,Butterfly Dream
Starry Poetry,4,Backpiece,Flowing Colors: Dreamy,Playful,Resonance from the Distant Sea,Fresh,Butterfly Dream
Fishing Bliss,4,Backpiece,Rippling Serenity,Simple,Insights of the Heart of Infinity.,Cool,
Bountiful Harvest,4,Backpiece,Rippling Serenity: Dream,Simple,Insights of the Heart of Infinity.,Cool,
Corridor of Time,3,Hair,A Beautiful Day,Retro,Proof of styling prowess.,Elegant,
Clear Vision,3,Hair,Afternoon Shine,Adventure,Insights of the Heart of Infinity.,Sweet,
Dawn's Radiance,3,Hair,Carnival Ode,Fashion,Rare treasures scattered in chests found all around the world.,Cool,
Relaxed Workflow,3,Hair,Refined Grace,Intellectual,Proof of styling prowess.,Cool,
Pink Star Wish,3,Hair,Searching for Dreams,Cute,Proof of styling prowess.,Sexy,
Thousand Symphonies,3,Hair,Symphony of Strings,Romance,Insights of the Heart of Infinity.,Sweet,
An Easy Start,3,Hair,,Simple,A classic clothing piece from Marques Boutique.,Cool,
Autumn's Melody,3,Hair,,Pastoral,A classic clothing piece from Marques Boutique.,Sweet,
Azure Sand,3,Hair,,Adventure,A classic clothing piece from Marques Boutique.,Fresh,
Born Pink,3,Hair,,Cute,One of the initial items acquired upon arrival in Miraland.,Sweet,
Chiming Breeze,3,Hair,,Cute,Resonance from the Distant Sea,Sweet,Distant Sea
Five More Minutes,3,Hair,,Home,A classic clothing piece from Marques Boutique.,Sweet,
Inky Braid,3,Hair,,Trendy,Resonance from the Distant Sea,Fresh,Distant Sea
Mini Fishball,3,Hair,,Fashion,A reward from an adventure.,Fresh,
Misty Clouds,3,Hair,,Intellectual,An unexpected surprise from the Surprise-O-Matic.,Elegant,
Nostalgic Blossom,3,Hair,,Pastoral,A piece of journey anecdote.,Fresh,
Peachy Puffs,3,Hair,,Cute,An unexpected surprise from the Surprise-O-Matic.,Sweet,
Pink 'n' Curly,3,Hair,,Romance,One of the initial items acquired upon arrival in Miraland.,Sweet,
Playful Spades,3,Hair,,Uniform,Resonance from the Distant Sea,Elegant,Distant Sea
Quick Ponytail,3,Hair,,Simple,A piece of journey anecdote.,Cool,
Sunrise Runner,3,Hair,,Summer,Resonance from the Distant Sea,Sweet,Distant Sea
Dreamlike Stars,3,Dress,Searching for Dreams,Cute,Proof of styling prowess.,Sweet,
Confession Lace,3,Dress,,Romance,Rare treasures scattered in chests found all around the world.,Elegant,
Fragrant Reverie,3,Dress,,Pastoral,Rare treasures scattered in chests found all around the world.,Fresh,
Mature Aftertaste,3,Dress,,Intellectual,Resonance from the Distant Sea,Elegant,Distant Sea
Natural Color,3,Dress,,Simple,A piece of journey anecdote.,Fresh,
Peachy Fellowship,3,Dress,,Cute,An unexpected surprise from the Surprise-O-Matic.,Sweet,
Perfect Start,3,Dress,,Cute,One of the initial items acquired upon arrival in Miraland.,Sweet,
Snownight Letter,3,Dress,,Romance,A classic clothing piece from Marques Boutique.,Sexy,
Spring Qipao,3,Dress,,Intellectual,Rare treasures scattered in chests found all around the world.,Fresh,
Starry Vigil,3,Dress,,Romance,Rare treasures scattered in chests found all around the world.,Sweet,
Work-Life Balance,3,Outerwear,Refined Grace,Intellectual,Proof of styling prowess.,Cool,
Gentle Starshine,3,Outerwear,Searching for Dreams,Cute,Proof of styling prowess.,Sexy,
First Day Jogging,3,Outerwear,,Summer,Resonance from the Distant Sea,Sweet,Distant Sea
Floral Love,3,Outerwear,,Pastoral,A unique creation made by an independent designer.,Fresh,
Golden Elegance,3,Outerwear,,Intellectual,A classic clothing piece from Marques Boutique.,Elegant,
Handsome Silhouette,3,Outerwear,,Intellectual,A classic clothing piece from Marques Boutique.,Elegant,
Midsummer Shade,3,Outerwear,,Cute,An unexpected surprise from the Surprise-O-Matic.,Sweet,
Red Checkered Vest,3,Outerwear,,Uniform,Resonance from the Distant Sea,Elegant,Distant Sea
Rich Hot Chocolate,3,Outerwear,,Cute,A classic clothing piece from Marques Boutique.,Elegant,
Sky Monarch Catcher,3,Outerwear,,Warm,An unexpected surprise from the Surprise-O-Matic.,Sweet,
Classroom Hours,3,Top,A Beautiful Day,Retro,Proof of styling prowess.,Elegant,
Striped Celebration,3,Top,Carnival Ode,Fashion,Rare treasures scattered in chests found all around the world.,Cool,
Majestic Stance,3,Top,Guard's Resolve,Uniform,A reward from an adventure.,Cool,
Clear Mind,3,Top,Refined Grace,Intellectual,Proof of styling prowess.,Cool,
Academy Tribute,3,Top,,Retro,Rare treasures scattered in chests found all around the world.,Cool,
Crybaby Vest,3,Top,,,A unique creation made by an independent designer.,Cool,
Cutie Dragon,3,Top,,Simple,Rare treasures scattered in chests found all around the world.,Fresh,
Distant Gaze,3,Top,,Romance,Rare treasures scattered in chests found all around the world.,Fresh,
Dreamland Marathon,3,Top,,Home,A classic clothing piece from Marques Boutique.,Sweet,
Expedition Souvenir,3,Top,,Warm,A piece of journey anecdote.,Fresh,
Fleeting Oath,3,Top,,Intellectual,Rare treasures scattered in chests found all around the world.,Cool,
Floral Rhythm,3,Top,,Summer,An unexpected surprise from the Surprise-O-Matic.,Fresh,
Golden Handprint,3,Top,,Uniform,A unique creation made by an independent designer.,Cool,
Hundred Daisies,3,Top,,Romance,A piece of journey anecdote.,Sexy,
Light Travel,3,Top,,Summer,Rare treasures scattered in chests found all around the world.,Fresh,
Mark of Life,3,Top,,Trendy,Rare treasures scattered in chests found all around the world.,Cool,
Noir Creed 01,3,Top,,,A unique creation made by an independent designer.,Cool,
Orange Rebel,3,Top,,Summer,A classic clothing piece from Marques Boutique.,Sexy,
Quick Warm-up,3,Top,,Summer,An unexpected surprise from the Surprise-O-Matic.,Sweet,
Rebellious Dream,3,Top,,Trendy,Rare treasures scattered in chests found all around the world.,Cool,
Refreshing Greenery,3,Top,,Summer,Rare treasures scattered in chests found all around the world.,Fresh,
Riverside Run,3,Top,,Adventure,Rare treasures scattered in chests found all around the world.,Cool,
Scalding Tears,3,Top,,Simple,A unique creation made by an independent designer.,Fresh,
Steaming Skewers,3,Top,,Home,A unique creation made by an independent designer.,Sweet,
Sunny Floral Blouse,3,Top,,Cute,An unexpected surprise from the Surprise-O-Matic.,Fresh,
Sweet Pink,3,Top,,Cute,An unexpected surprise from the Surprise-O-Matic.,Sweet,
Verdant Freedom,3,Top,,Pastoral,Resonance from the Distant Sea,Fresh,Distant Sea
Well-Organized,3,Top,,Trendy,Rare treasures scattered in chests found all around the world.,Sexy,
Wisteria's Longing,3,Top,,,A classic clothing piece from Marques Boutique.,Sweet,
Immersive Study,3,Bottom,A Beautiful Day,Retro,Proof of styling prowess.,Elegant,
Free Will,3,Bottom,Carnival Ode,Fashion,Rare treasures scattered in chests found all around the world.,Cool,
Problem-Solver,3,Bottom,Guard's Resolve,Uniform,A reward from an adventure.,Cool,
With Efficiency,3,Bottom,Refined Grace,Intellectual,Proof of styling prowess.,Cool,
Azure Viola,3,Bottom,,Simple,A unique creation made by an independent designer.,Sweet,
Bouncy Blue,3,Bottom,,Adventure,Rare treasures scattered in chests found all around the world.,Cool,
Brown Orange Plaid,3,Bottom,,Simple,A unique creation made by an independent designer.,Sweet,
Cyan Mist,3,Bottom,,Linlang,Resonance from the Distant Sea,Sexy,Distant Sea
Dark Blue Fantasy,3,Bottom,,Simple,A unique creation made by an independent designer.,Sweet,
Deep Blue Companion,3,Bottom,,Fashion,Resonance from the Distant Sea,Cool,Distant Sea
Deeply Engraved,3,Bottom,,Trendy,Rare treasures scattered in chests found all around the world.,Cool,
Elegant Hibiscus,3,Bottom,,Pastoral,A classic clothing piece from Marques Boutique.,Sweet,
Fishy Fantasy,3,Bottom,,Pastoral,World travel mementos.,Fresh,
Foliage Musings,3,Bottom,,Simple,Rare treasures scattered in chests found all around the world.,Fresh,
Gang Rules,3,Bottom,,Retro,Rare treasures scattered in chests found all around the world.,Cool,
Late Slumber,3,Bottom,,Home,A classic clothing piece from Marques Boutique.,Sweet,
Noir Creed 02,3,Bottom,,,A unique creation made by an independent designer.,Cool,
Operation Summer,3,Bottom,,Summer,Resonance from the Distant Sea,Fresh,Distant Sea
Patchwork Pants,3,Bottom,,Retro,Rare treasures scattered in chests found all around the world.,Elegant,
Pink Branches,3,Bottom,,Simple,A unique creation made by an independent designer.,Sweet,
Plain Flowers,3,Bottom,,Simple,A unique creation made by an independent designer.,Sweet,
Powder Blue,3,Bottom,,Romance,An unexpected surprise from the Surprise-O-Matic.,Fresh,
Rosy Dance Skirt,3,Bottom,,Fantasy,Rare treasures scattered in chests found all around the world.,Elegant,
Shorts of Faith,3,Bottom,,Retro,Rare treasures scattered in chests found all around the world.,Cool,
Single Strap Blues,3,Bottom,,Trendy,A unique creation made by an independent designer.,Sweet,
Spinning Mood,3,Bottom,,Fantasy,Rare treasures scattered in chests found all around the world.,Elegant,
Swift Leap,3,Bottom,,Summer,Rare treasures scattered in chests found all around the world.,Cool,
Tree Shade,3,Bottom,,,Rare treasures scattered in chests found all around the world.,Fresh,
Unruly Plaid,3,Bottom,,Trendy,Rare treasures scattered in chests found all around the world.,Cool,
Wishful Pact,3,Bottom,,Romance,A classic clothing piece from Marques Boutique.,Elegant,
Midday Nap,3,Socks,A Beautiful Day,Retro,Proof of styling prowess.,Elegant,
Dreamy Starlight,3,Socks,Searching for Dreams,Cute,Proof of styling prowess.,Sexy,
Diving Teaser,3,Socks,,Fashion,Resonance from the Distant Sea,Cool,Distant Sea
Dreamy Blossom,3,Socks,,Trendy,World travel mementos.,Fresh,
Dreamy Hope,3,Socks,,Cute,One of the initial items acquired upon arrival in Miraland.,Sweet,
Enchanting Crimson,3,Socks,,Intellectual,Rare treasures scattered in chests found all around the world.,Sexy,
Floral Squash House,3,Socks,,Pastoral,A unique creation made by an independent designer.,Fresh,
Frosted Sprinkles,3,Socks,,Simple,An unexpected surprise from the Surprise-O-Matic.,Fresh,
Fun Stripes,3,Socks,,Simple,Rare treasures scattered in chests found all around the world.,Cool,
Lavender Stripes,3,Socks,,Cute,Resonance from the Distant Sea,Sexy,Distant Sea
Low-Key Trail,3,Socks,,Simple,Rare treasures scattered in chests found all around the world.,Cool,
Melted Cream,3,Socks,,Cute,Resonance from the Distant Sea,Sweet,Distant Sea
Midnight Bloom,3,Socks,,Fashion,A classic clothing piece from Marques Boutique.,Sexy,
Peachfall Page,3,Socks,,Cute,An unexpected surprise from the Surprise-O-Matic.,Sweet,
Radiant Heat,3,Socks,,Summer,Resonance from the Distant Sea,Fresh,Distant Sea
Rouge and Verdant,3,Socks,,Retro,A classic clothing piece from Marques Boutique.,Sweet,
Save the Longstocking,3,Socks,,Fashion,A classic clothing piece from Marques Boutique.,Sexy,
Sweet Dreams,3,Socks,,Home,A classic clothing piece from Marques Boutique.,Sweet,
Ultra-Vibrant Stripes,3,Socks,,Summer,An unexpected surprise from the Surprise-O-Matic.,Sweet,
White Floral Net,3,Socks,,Fashion,Resonance from the Distant Sea,Fresh,Distant Sea
White Whirlwind,3,Socks,,Simple,Rare treasures scattered in chests found all around the world.,Cool,
Heartfelt Tribute,3,Shoes,A Beautiful Day,Retro,Proof of styling prowess.,Elegant,
Into Midnight,3,Shoes,Carnival Ode,Fashion,Rare treasures scattered in chests found all around the world.,Cool,
Steady Stride,3,Shoes,Guard's Resolve,Uniform,A reward from an adventure.,Cool,
Easy Steps,3,Shoes,Refined Grace,Intellectual,Proof of styling prowess.,Cool,
Star of Dreams,3,Shoes,Searching for Dreams,Cute,Proof of styling prowess.,Sexy,
At Night,3,Shoes,,Trendy,Rare treasures scattered in chests found all around the world.,Cool,
Candy Waltz,3,Shoes,,Simple,Resonance from the Distant Sea,Sweet,Distant Sea
Classic Curves,3,Shoes,,Intellectual,Resonance from the Distant Sea,Sexy,Distant Sea
Cocoa Fairytale,3,Shoes,,Pastoral,A classic clothing piece from Marques Boutique.,Fresh,
Competition,3,Shoes,,Trendy,Rare treasures scattered in chests found all around the world.,Cool,
Cool Sprint,3,Shoes,,Simple,Rare treasures scattered in chests found all around the world.,Cool,
Emerald Whirl,3,Shoes,,Trendy,Rare treasures scattered in chests found all around the world.,Cool,
Fairytale Friend,3,Shoes,,Romance,Resonance from the Distant Sea,Elegant,Distant Sea
Floral Stroll,3,Shoes,,Pastoral,A classic clothing piece from Marques Boutique.,Fresh,
Footsteps of Love,3,Shoes,,Intellectual,A unique creation made by an independent designer.,Fresh,
Light Steps,3,Shoes,,Romance,An unexpected surprise from the Surprise-O-Matic.,Fresh,
Longing Footsteps,3,Shoes,,Retro,Rare treasures scattered in chests found all around the world.,Cool,
One More Minute,3,Shoes,,Home,A classic clothing piece from Marques Boutique.,Sweet,
Peachy Steps,3,Shoes,,Cute,An unexpected surprise from the Surprise-O-Matic.,Sweet,
Peep-Toe Mystery,3,Shoes,,Intellectual,A classic clothing piece from Marques Boutique.,Sexy,
Plaid Impression,3,Shoes,,Fashion,A classic clothing piece from Marques Boutique.,Elegant,
Race Against Time,3,Shoes,,Summer,Resonance from the Distant Sea,Sweet,Distant Sea
Reshaped Plaid,3,Shoes,,Fashion,World travel mementos.,Cool,
Stroll and Leisure,3,Shoes,,Adventure,Rare treasures scattered in chests found all around the world.,Fresh,
Summer Branches,3,Shoes,,Intellectual,A classic clothing piece from Marques Boutique.,Elegant,
Traveler's Shoes,3,Shoes,,Adventure,Rare treasures scattered in chests found all around the world.,Cool,
Windchaser,3,Shoes,,Adventure,Rare treasures scattered in chests found all around the world.,Cool,
Zestful Kicks,3,Shoes,,Cute,One of the initial items acquired upon arrival in Miraland.,Sweet,
Morning Greetings,3,Hair Accessory,A Beautiful Day,Retro,Proof of styling prowess.,Elegant,
Crochet Butterfly,3,Hair Accessory,,Cute,A unique creation made by an independent designer.,Sweet,
Knitted Butterflies,3,Hair Accessory,,Cute,A unique creation made by an independent designer.,Sweet,
Modern Trends,3,Hair Accessory,,Cute,A classic clothing piece from Marques Boutique.,Sweet,
Peachy Oath,3,Hair Accessory,,Cute,An unexpected surprise from the Surprise-O-Matic.,Sweet,
Pearly Dots,3,Hair Accessory,,Simple,World travel mementos.,Fresh,
Rebounding Deep Breath,3,Hair Accessory,,Summer,Resonance from the Distant Sea,Cool,Distant Sea
Star Seeker,3,Hair Accessory,,Fantasy,Resonance from the Distant Sea,Sexy,Distant Sea
Starlit Companions,3,Hair Accessory,,Summer,World travel mementos.,Sweet,
Sunny Windchime,3,Hair Accessory,,Summer,Resonance from the Distant Sea,Fresh,Distant Sea
Surprise Invitation,3,Hair Accessory,,Romance,A piece of journey anecdote.,Fresh,
Woven Dreams,3,Hair Accessory,,Pastoral,Resonance from the Distant Sea,Fresh,Distant Sea
Dark Night Sky,3,Headwear,Carnival Ode,Fashion,Rare treasures scattered in chests found all around the world.,Cool,
Abyssal Gaze,3,Headwear,,Trendy,Rare treasures scattered in chests found all around the world.,Cool,
Adventure's Hat,3,Headwear,,Adventure,World travel mementos.,Cool,
Blossom's Wish,3,Headwear,,Formal,Rare treasures scattered in chests found all around the world.,Fresh,
Breeze-Kissed Blooms,3,Headwear,,Pastoral,A piece of journey anecdote.,Fresh,
Choo-Choo Whistle,3,Headwear,,Uniform,World travel mementos.,Cool,
Cool Shade,3,Headwear,,Pastoral,Rare treasures scattered in chests found all around the world.,Fresh,
Gentle Sunshine,3,Headwear,,Summer,A piece of journey anecdote.,Sweet,
Guardian's Pact,3,Headwear,,Uniform,A classic clothing piece from Marques Boutique.,Cool,
Heavy Eyelids,3,Headwear,,Home,A piece of journey anecdote.,Sweet,
Kitty Fluff,3,Headwear,,Playful,A reward from an adventure.,Fresh,
Mist Piercer,3,Headwear,,Uniform,A unique creation made by an independent designer.,Cool,
Peace with Birds,3,Headwear,,Simple,A piece of journey anecdote.,Fresh,
Shaky Branch,3,Headwear,,Summer,Rare treasures scattered in chests found all around the world.,Fresh,
Starlit Night,3,Headwear,,Fairy,A piece of journey anecdote.,Sweet,
Sunset Finale,3,Headwear,,Romance,An unexpected surprise from the Surprise-O-Matic.,Elegant,
Winding Branches,3,Headwear,,Pastoral,Rare treasures scattered in chests found all around the world.,Fresh,
Stockpile Audit,3,Earrings,Refined Grace,Intellectual,Proof of styling prowess.,Cool,
Cinders,3,Earrings,,Fashion,Rare treasures scattered in chests found all around the world.,Cool,
Daisy Reminiscence,3,Earrings,,Simple,World travel mementos.,Sweet,
Droopy Banner,3,Earrings,,Trendy,Rare treasures scattered in chests found all around the world.,Cool,
Flashing Alert,3,Earrings,,Fashion,Rare treasures scattered in chests found all around the world.,Cool,
Floral Whispers,3,Earrings,,Pastoral,World travel mementos.,Fresh,
Purple Whisper,3,Earrings,,Pastoral,A unique creation made by an independent designer.,Sweet,
Surprise Box,3,Earrings,,Playful,Rare treasures scattered in chests found all around the world.,Sweet,
Tangy Dreams,3,Earrings,,Playful,Rare treasures scattered in chests found all around the world.,Sweet,
Connected Agate,3,Neckwear,Carnival Ode,Fashion,Rare treasures scattered in chests found all around the world.,Cool,
Fallen Star,3,Neckwear,Searching for Dreams,Cute,Proof of styling prowess.,Sexy,
Budding Sprout,3,Neckwear,,Royal,Rare treasures scattered in chests found all around the world.,Elegant,
Dark Silverbloom,3,Neckwear,,Intellectual,A classic clothing piece from Marques Boutique.,Elegant,
Guardian Pendant,3,Neckwear,,Simple,Resonance from the Distant Sea,Elegant,Distant Sea
Pure Leaves,3,Neckwear,,Pastoral,World travel mementos.,Fresh,
Wish Bottle Necklace,3,Neckwear,,Fantasy,A unique creation made by an independent designer.,Fresh,
Diligent Agenda,3,Bracelet,Refined Grace,Intellectual,Proof of styling prowess.,Cool,
Blessing Nebula,3,Bracelet,,Fashion,Resonance from the Distant Sea,Sweet,Distant Sea
Fleeting Snowfall,3,Bracelet,,Romance,An unexpected surprise from the Surprise-O-Matic.,Elegant,
Forgotten Hair Tie,3,Bracelet,,Home,A classic clothing piece from Marques Boutique.,Sweet,
Lavenfringe Chains,3,Bracelet,,Romance,A unique creation made by an independent designer.,Sweet,
Orange Sun,3,Bracelet,,Summer,Rare treasures scattered in chests found all around the world.,Fresh,
Peachy Nostalgia,3,Bracelet,,Cute,An unexpected surprise from the Surprise-O-Matic.,Sweet,
Ripened Squash,3,Bracelet,,Intellectual,A unique creation made by an independent designer.,Fresh,
Skilled Hunter,3,Bracelet,,Fashion,World travel mementos.,Cool,
Zephyr Bracelet,3,Bracelet,,Romance,World travel mementos.,Elegant,
First Impression,3,Choker,,Cute,One of the initial items acquired upon arrival in Miraland.,Sweet,
Fluttering Heart,3,Choker,,Fashion,Resonance from the Distant Sea,Cool,Distant Sea
Heartfelt Words,3,Choker,,Pastoral,Resonance from the Distant Sea,Sweet,Distant Sea
Night's Soul,3,Choker,,Trendy,Rare treasures scattered in chests found all around the world.,Cool,
Rebellious Will,3,Choker,,Trendy,A classic clothing piece from Marques Boutique.,Cool,
Silent Whispers,3,Choker,,Fashion,An unexpected surprise from the Surprise-O-Matic.,Sexy,
Thorough Investigation,3,Gloves,Guard's Resolve,Uniform,A reward from an adventure.,Cool,
Delicate Leaves,3,Gloves,,Adventure,Rare treasures scattered in chests found all around the world.,Fresh,
Sincere Greetings,3,Gloves,,Formal,Rare treasures scattered in chests found all around the world.,Sexy,
Through the Mist,3,Face Decoration,,Fashion,A unique creation made by an independent designer.,Cool,
Trusted Protection,3,Face Decoration,,Adventure,Resonance from the Distant Sea,Cool,Distant Sea
Unnamed Medal,3,Chest Accessory,Carnival Ode,Fashion,Rare treasures scattered in chests found all around the world.,Cool,
Glorious Calling,3,Chest Accessory,Guard's Resolve,Uniform,A reward from an adventure.,Cool,
Galaxy's Desire,3,Chest Accessory,,Fashion,World travel mementos.,Cool,
Blue Flower Dye,3,Pendant,,Summer,Resonance from the Distant Sea,Sweet,Distant Sea
Loaded with Hope,3,Backpiece,,Cute,One of the initial items acquired upon arrival in Miraland.,Sweet,
Vibrant Spirit,2,Hair,Guard's Resolve,Uniform,A reward from an adventure.,Cool,
Silverplume,2,Hair,,,A classic clothing piece from Marques Boutique.,Fresh,
Straight-A Student,2,Hair,,,A classic clothing piece from Marques Boutique.,Elegant,
Sunset Dance,2,Hair,,,A classic clothing piece from Marques Boutique.,Sexy,
Ten-Second Bun,2,Hair,,,A classic clothing piece from Marques Boutique.,Sweet,
Enchanting Night,2,Dress,,,A classic clothing piece from Marques Boutique.,Sexy,
Serene Green,2,Dress,,,A classic clothing piece from Marques Boutique.,Cool,
Woolfruit Growth,2,Outerwear,,,A classic clothing piece from Marques Boutique.,Fresh,
Dream Walker,2,Top,,,A classic clothing piece from Marques Boutique.,Cool,
Ethereal Lace,2,Top,,,A classic clothing piece from Marques Boutique.,Sweet,
Past Vines,2,Top,,,A classic clothing piece from Marques Boutique.,Sweet,
Starting Mood,2,Top,,,A classic clothing piece from Marques Boutique.,Fresh,
Summer Blackstar,2,Top,,,A classic clothing piece from Marques Boutique.,Sexy,
Green Slim-Fit Pants,2,Bottom,,,A classic clothing piece from Marques Boutique.,Cool,
Hoppy Berries,2,Bottom,,,A classic clothing piece from Marques Boutique.,Sweet,
Lively Youth,2,Bottom,,,A classic clothing piece from Marques Boutique.,Fresh,
Midsummer Print,2,Bottom,,,A classic clothing piece from Marques Boutique.,Fresh,
Shutters,2,Bottom,,,A classic clothing piece from Marques Boutique.,Cool,
Sleek Pants,2,Bottom,,,A classic clothing piece from Marques Boutique.,Elegant,
Down-to-Earth,2,Socks,,,A classic clothing piece from Marques Boutique.,Fresh,
Everlasting Lace,2,Socks,,,A classic clothing piece from Marques Boutique.,Fresh,
Fearless Night,2,Socks,,,A classic clothing piece from Marques Boutique.,Cool,
Free Spirit,2,Socks,,,A classic clothing piece from Marques Boutique.,Sexy,
Monochrome Stripes,2,Socks,,,A classic clothing piece from Marques Boutique.,Cool,
White Tights,2,Socks,,,A classic clothing piece from Marques Boutique.,Fresh,
Bejeweled Sandals,2,Shoes,,,One of the initial items acquired upon arrival in Miraland.,Sweet,
Comfortable Flats,2,Shoes,,,A classic clothing piece from Marques Boutique.,Elegant,
Daily Exercise,2,Shoes,,,A classic clothing piece from Marques Boutique.,Fresh,
Skybound Heels,2,Shoes,,,A classic clothing piece from Marques Boutique.,Fresh,
Zappy Sweetheart,2,Shoes,,,A classic clothing piece from Marques Boutique.,Cool,
Floral Hoops,2,Hair Accessory,,,A classic clothing piece from Marques Boutique.,Elegant,
Starlit Diadem,2,Hair Accessory,,,One of the initial items acquired upon arrival in Miraland.,Elegant,
Starry Hairband,2,Hair Accessory,,,A classic clothing piece from Marques Boutique.,Cool,
Bestseller's Crown,2,Headwear,,,A classic clothing piece from Marques Boutique.,Cool,
Superstar Vibes,2,Headwear,,,One of the initial items acquired upon arrival in Miraland.,Sexy,
Serene Bloom,2,Earrings,,,A classic clothing piece from Marques Boutique.,Fresh,
Wings of Longing,2,Earrings,,,A classic clothing piece from Marques Boutique.,Sweet,
Cherished Moment,2,Neckwear,,,A classic clothing piece from Marques Boutique.,Elegant,
Lucky Knot,2,Bracelet,,,A piece of journey anecdote.,Elegant,
Pink Pearls,2,Bracelet,,,A classic clothing piece from Marques Boutique.,Sweet,
Snowflake Bracelet,2,Bracelet,,,A classic clothing piece from Marques Boutique.,Elegant,
